#codiceFiscale,password
04dabmboddqmazk0,04dabmboddqmazk0
cvbhedmh6qoliqcg,cvbhedmh6qoliqcg
oyrjvoqsyl3i6bqw,oyrjvoqsyl3i6bqw
faccriupyvpepvfl,faccriupyvpepvfl
57nri6hgkljhwfd9,57nri6hgkljhwfd9
hgl4n425lieh6mqb,hgl4n425lieh6mqb
0kxjtaxugviimskt,0kxjtaxugviimskt
qfwc2e3yx3qfsj38,qfwc2e3yx3qfsj38
bdshjwam8ksn1ljj,bdshjwam8ksn1ljj
h0pgy8lexmtd0vjz,h0pgy8lexmtd0vjz
k3tajphm5ig4c6pu,k3tajphm5ig4c6pu
x9rblxqvs0ighlxg,x9rblxqvs0ighlxg
4ayhv1igoxfm7rtv,4ayhv1igoxfm7rtv
zvtixanfklqrscgt,zvtixanfklqrscgt
0g0enb1wtsaheit9,0g0enb1wtsaheit9
prr46vj9foxqvawd,prr46vj9foxqvawd
ivgrrgmjqbyuu2vq,ivgrrgmjqbyuu2vq
dliezynvly2m61kw,dliezynvly2m61kw
teao9gxkwpuqliyd,teao9gxkwpuqliyd
z1t6rjujkpkoy21u,z1t6rjujkpkoy21u
7pgen0n1ggnvbnfs,7pgen0n1ggnvbnfs
e3gw7vaoejrkxeec,e3gw7vaoejrkxeec
ebk4drxbxy2nzwbg,ebk4drxbxy2nzwbg
mlhhnehlewoxk1vv,mlhhnehlewoxk1vv
ownclnctueuphagz,ownclnctueuphagz
ye04nbnbbnkttojm,ye04nbnbbnkttojm
xth8shw1fak9zmrx,xth8shw1fak9zmrx
m7ncojjbxh7qgtxf,m7ncojjbxh7qgtxf
psmfl7nr0ajb9ecs,psmfl7nr0ajb9ecs
lbcnr6tcvv7zsgar,lbcnr6tcvv7zsgar
o53mcnlmoullc35m,o53mcnlmoullc35m
bgwjd72jzclqdikg,bgwjd72jzclqdikg
m17r3vpd79l6gsic,m17r3vpd79l6gsic
caqhgfeozannfyhx,caqhgfeozannfyhx
alwfbv95svfzjs4l,alwfbv95svfzjs4l
ot9haihxph2tiois,ot9haihxph2tiois
egbllelnidfle7wn,egbllelnidfle7wn
byh8abewvrx9iiqr,byh8abewvrx9iiqr
novqqvuguxntdntn,novqqvuguxntdntn
lzvagmyvdjrfplye,lzvagmyvdjrfplye
x1jsudihhpop9lad,x1jsudihhpop9lad
jn10olfg5hekwtwq,jn10olfg5hekwtwq
mpfbrkogo62nbdfq,mpfbrkogo62nbdfq
4dx8ycqbu9kzspd5,4dx8ycqbu9kzspd5
xznhbxjimwxvtyly,xznhbxjimwxvtyly
lnruy4vmrgcmryir,lnruy4vmrgcmryir
ei0mtkzc8dvf4wtl,ei0mtkzc8dvf4wtl
0lcqxfrr1j5gghzd,0lcqxfrr1j5gghzd
oj2ixpzytsl8suwc,oj2ixpzytsl8suwc
k4qnmmuviug3zjcq,k4qnmmuviug3zjcq
ozxogtxbwkxukdi3,ozxogtxbwkxukdi3
yi0bmmhzkd76g43g,yi0bmmhzkd76g43g
eto7lgvgahymnxk2,eto7lgvgahymnxk2
0mizankdooyot68g,0mizankdooyot68g
3x873jve95q70pa0,3x873jve95q70pa0
vcfaya0w9mjup6p8,vcfaya0w9mjup6p8
cqoqnhsf2zkbwekg,cqoqnhsf2zkbwekg
o1phziabmunwvxlt,o1phziabmunwvxlt
twelevp4tmlzsqe8,twelevp4tmlzsqe8
61hqbp0dvssyebik,61hqbp0dvssyebik
pkittwyx6zkaufz6,pkittwyx6zkaufz6
6bpbtifppjymb6mq,6bpbtifppjymb6mq
nennemotuklntjnn,nennemotuklntjnn
irlabmk2exzw9p5g,irlabmk2exzw9p5g
xu4nlccfzmnjwlan,xu4nlccfzmnjwlan
5by4zzarjcqa5jvp,5by4zzarjcqa5jvp
reoc442qpyz18jw0,reoc442qpyz18jw0
ny2p5ztm9kypirb5,ny2p5ztm9kypirb5
ozxnm3jj6ksmp5hh,ozxnm3jj6ksmp5hh
n1mhzlg8hbg02ban,n1mhzlg8hbg02ban
1fgsg5faqvzcsdxm,1fgsg5faqvzcsdxm
tehcytbqpgdcaedx,tehcytbqpgdcaedx
bmcsx56hx3bkrsou,bmcsx56hx3bkrsou
cqhxz9zndahswjdu,cqhxz9zndahswjdu
h54r4mgizlwmc8ri,h54r4mgizlwmc8ri
3rypuymkto0ah9t2,3rypuymkto0ah9t2
ryknmw2sy4h0avml,ryknmw2sy4h0avml
xlqvf9nmg41shmut,xlqvf9nmg41shmut
uvcjsv9m0pgxaxo0,uvcjsv9m0pgxaxo0
ysmsbub2ozwvoqho,ysmsbub2ozwvoqho
iq4kacfunjagjn7e,iq4kacfunjagjn7e
vormis5nba5olepi,vormis5nba5olepi
eummyvh1zxxvwnnq,eummyvh1zxxvwnnq
ryhg2prwsbyr6r7k,ryhg2prwsbyr6r7k
8n8qy5y4mylltclj,8n8qy5y4mylltclj
zczq38l9ax5hms5c,zczq38l9ax5hms5c
ggubzgo9bm88p2vv,ggubzgo9bm88p2vv
qx7rdixqdj6ds59v,qx7rdixqdj6ds59v
mpzt6ykvf5d2proq,mpzt6ykvf5d2proq
ha8nbnuix2yphgpz,ha8nbnuix2yphgpz
moem44cav2i5rznz,moem44cav2i5rznz
2wgywujhqnmcyudh,2wgywujhqnmcyudh
snrjqxatndhziexm,snrjqxatndhziexm
yfpgp5a8lfn61m4p,yfpgp5a8lfn61m4p
bxxvffz9rnrsdjxw,bxxvffz9rnrsdjxw
ay2mwhgk9erbx2da,ay2mwhgk9erbx2da
qiafuhehzmoovddy,qiafuhehzmoovddy
01n97dfrrjan9til,01n97dfrrjan9til
j6qii5t6wyagwnbo,j6qii5t6wyagwnbo
fyrpqboatauntmgm,fyrpqboatauntmgm
pv91zcikskpotmab,pv91zcikskpotmab
xumvebqdokzfqjpq,xumvebqdokzfqjpq
njhgrawmymansntf,njhgrawmymansntf
6ndphk5u3xp9fhzt,6ndphk5u3xp9fhzt
beyy2gu0rvfab39r,beyy2gu0rvfab39r
nyl1x7dgvz4wktwo,nyl1x7dgvz4wktwo
3lvrz4om8kvt4mgn,3lvrz4om8kvt4mgn
78kxhfinechhxvkr,78kxhfinechhxvkr
6ne5gcf5xxs8lelg,6ne5gcf5xxs8lelg
sevd4h3sne0vppjz,sevd4h3sne0vppjz
i90kz96ve6tmpi8r,i90kz96ve6tmpi8r
vvrf99dll5qvgshn,vvrf99dll5qvgshn
qgp3qeg7c0xf1obf,qgp3qeg7c0xf1obf
xeftykyape6ljlpm,xeftykyape6ljlpm
sc6tjgrxguvldxid,sc6tjgrxguvldxid
wqblagdkgw8mkkt5,wqblagdkgw8mkkt5
ix8bq08rpptalbd4,ix8bq08rpptalbd4
ylgorlzmypg6pwkr,ylgorlzmypg6pwkr
hdias7otaaaa6txw,hdias7otaaaa6txw
s0oiurexsvxf5yly,s0oiurexsvxf5yly
su3jjptkvkz44hav,su3jjptkvkz44hav
5vy0afi0lp8cd45i,5vy0afi0lp8cd45i
lpqzlzo2hbdbjok9,lpqzlzo2hbdbjok9
h6nwpz9ybcf7yt8t,h6nwpz9ybcf7yt8t
wy8fz764hbemlmyd,wy8fz764hbemlmyd
emcwekzi6ahxehn8,emcwekzi6ahxehn8
e6onva6s1imtuq8c,e6onva6s1imtuq8c
qxahgyrwxluargv4,qxahgyrwxluargv4
bufs9siibjosgdce,bufs9siibjosgdce
ltj7sclq1pflr4mk,ltj7sclq1pflr4mk
hjizml1rrxdlx2ym,hjizml1rrxdlx2ym
qy6iqmob2yrqraxa,qy6iqmob2yrqraxa
y2nsfvt0y8n2qejg,y2nsfvt0y8n2qejg
1scpalyolipxr487,1scpalyolipxr487
nxnyfzflhs2jvyzz,nxnyfzflhs2jvyzz
dfh2qxgdmqnzx8cv,dfh2qxgdmqnzx8cv
5udhwc9ojn6m7cy5,5udhwc9ojn6m7cy5
qlvn0pgqcymly4m9,qlvn0pgqcymly4m9
q2ead3st0le2lmlg,q2ead3st0le2lmlg
1kbesgx5oxvckhtq,1kbesgx5oxvckhtq
15orh0k4jlw8ymkb,15orh0k4jlw8ymkb
oqicdudvgtfc6cyq,oqicdudvgtfc6cyq
qeuqlwgzomkixi6a,qeuqlwgzomkixi6a
gkhcdw98s4azcckz,gkhcdw98s4azcckz
dpimbnwinxayfnlt,dpimbnwinxayfnlt
odnbysxigfk9hi6q,odnbysxigfk9hi6q
f3woqz2duynlndvr,f3woqz2duynlndvr
wprjrlaliy07qdpo,wprjrlaliy07qdpo
3mjt4bcqexlzewjp,3mjt4bcqexlzewjp
h2j9s95lysr3c5h5,h2j9s95lysr3c5h5
f6rrsqkpxkfwoin9,f6rrsqkpxkfwoin9
wozjifcwzshf9ssj,wozjifcwzshf9ssj
vte00dkvtz8gn8kr,vte00dkvtz8gn8kr
ududtx3sovkrdcrz,ududtx3sovkrdcrz
dsnuhwadq32tz4qw,dsnuhwadq32tz4qw
gg9uaytqha20ps8z,gg9uaytqha20ps8z
cyek5r6f1ny4yzy0,cyek5r6f1ny4yzy0
zb1rmibel2xxppwk,zb1rmibel2xxppwk
x63dnsgjyzfquodm,x63dnsgjyzfquodm
tq9df92sgsfxdoih,tq9df92sgsfxdoih
zocbjdlbpfneqryq,zocbjdlbpfneqryq
0jnrfcfhhb4clmdw,0jnrfcfhhb4clmdw
1xerggfx3wutyb16,1xerggfx3wutyb16
q28ab2ulonzf72fu,q28ab2ulonzf72fu
ie4fy0zddkhk9qck,ie4fy0zddkhk9qck
heuh07ytm8austbv,heuh07ytm8austbv
wls3ynjvllqct6so,wls3ynjvllqct6so
bgjlo3ela9kjkehp,bgjlo3ela9kjkehp
r3hlnez6jboozijc,r3hlnez6jboozijc
fkzhvefh8ssjzrlq,fkzhvefh8ssjzrlq
a82v2acdxh3tqo1s,a82v2acdxh3tqo1s
zt1e4ccdagz9fd1n,zt1e4ccdagz9fd1n
zplp1bkumjz2romc,zplp1bkumjz2romc
zjddtdoun8butvkj,zjddtdoun8butvkj
xapyxixpan6ocohr,xapyxixpan6ocohr
6icbqt5d6oryaxbd,6icbqt5d6oryaxbd
km8bamvctaaxdowt,km8bamvctaaxdowt
z60aii6cwyitqysf,z60aii6cwyitqysf
igedkthoviwyzes9,igedkthoviwyzes9
bknvtgs6dlgy2jvo,bknvtgs6dlgy2jvo
4d3shxyskeuzf9rz,4d3shxyskeuzf9rz
e8g9ohk4saeuwlki,e8g9ohk4saeuwlki
qfxy0bumltdkrtgn,qfxy0bumltdkrtgn
cbgaua0c8xmi4wrw,cbgaua0c8xmi4wrw
t9qofvyefvgoxecl,t9qofvyefvgoxecl
feok7gx9wvk3eq2a,feok7gx9wvk3eq2a
ofg1zsrlvv30qr1t,ofg1zsrlvv30qr1t
4neggzr0etl7gnev,4neggzr0etl7gnev
duyusqwahyql9vqv,duyusqwahyql9vqv
fzlosz5aqiyxxfsa,fzlosz5aqiyxxfsa
3k7arigon3zok7zn,3k7arigon3zok7zn
vysrxavjsqnohvbm,vysrxavjsqnohvbm
ldjd6jw9vbbghlbb,ldjd6jw9vbbghlbb
c4ipterlnmiy87ut,c4ipterlnmiy87ut
ba9gyldcduxplkew,ba9gyldcduxplkew
ardpof3phjjwqdkl,ardpof3phjjwqdkl
yc45akx5yaaymvhc,yc45akx5yaaymvhc
ndnpqck9ynccff6d,ndnpqck9ynccff6d
lyzrogoxc3ipoesu,lyzrogoxc3ipoesu
6bp5avmlskcqkgrq,6bp5avmlskcqkgrq
0ipcr1cr47eh5dwn,0ipcr1cr47eh5dwn
x7rw8rtemqf6dimf,x7rw8rtemqf6dimf
qzlzxv1mp4zu9y5o,qzlzxv1mp4zu9y5o
hrxtrr07nrocbzkn,hrxtrr07nrocbzkn
33byg6amrjxxzfzv,33byg6amrjxxzfzv
gqd2rni6itu6gnnp,gqd2rni6itu6gnnp
hercmsuxvosg283y,hercmsuxvosg283y
nycmefphimbckbwp,nycmefphimbckbwp
4k4ko1qc3olfjhhr,4k4ko1qc3olfjhhr
7bm1ya6vvep5qs5x,7bm1ya6vvep5qs5x
7crauwtz7onkvrir,7crauwtz7onkvrir
md2cikg4p4ocmjty,md2cikg4p4ocmjty
yqopg9gvsolipxdf,yqopg9gvsolipxdf
l5plp8pmkrcjxz7r,l5plp8pmkrcjxz7r
csgbytcjsbvohkeq,csgbytcjsbvohkeq
t8bs2wxxt93hnbet,t8bs2wxxt93hnbet
dejslmirrnzcrdkn,dejslmirrnzcrdkn
pfmmkopzyaak3t2q,pfmmkopzyaak3t2q
d073txuuoybgrrd6,d073txuuoybgrrd6
vnnehmemqhf8ufpk,vnnehmemqhf8ufpk
5xddceg1jluxswmy,5xddceg1jluxswmy
1jkc3uhrg5o5xjvv,1jkc3uhrg5o5xjvv
fma10zypnpyrcrle,fma10zypnpyrcrle
m0sewt8t802hxrd0,m0sewt8t802hxrd0
a3puifo2cdnoxcxt,a3puifo2cdnoxcxt
iavwqmwsnt8aopsy,iavwqmwsnt8aopsy
5xxzbhhgxez3f5d0,5xxzbhhgxez3f5d0
o6elcvdgxgkqndgt,o6elcvdgxgkqndgt
n7jdxlqr3ldhisf5,n7jdxlqr3ldhisf5
dktjjljj1ockxlon,dktjjljj1ockxlon
vad8ioqqpdd7epgn,vad8ioqqpdd7epgn
ungdmnm1d57ib83e,ungdmnm1d57ib83e
ympkjtxgkrrsoehy,ympkjtxgkrrsoehy
mkstx7uv0d6ubi3u,mkstx7uv0d6ubi3u
sde8f3i5hj3rzpy7,sde8f3i5hj3rzpy7
ir7rj14rkxphrcrj,ir7rj14rkxphrcrj
oba5frpfvqjjhly7,oba5frpfvqjjhly7
7najp5f1kwijgbzc,7najp5f1kwijgbzc
27iaeai40o7gfxz4,27iaeai40o7gfxz4
beaudqfscksdgdw8,beaudqfscksdgdw8
cmce1lgkxwpesusp,cmce1lgkxwpesusp
sw19g2lnzdihbcsd,sw19g2lnzdihbcsd
8h3mf4ciivw0dxhx,8h3mf4ciivw0dxhx
vdf4h9cr4mymawca,vdf4h9cr4mymawca
tbfrm26l8x9buliz,tbfrm26l8x9buliz
zv1igvil0ao3oaw3,zv1igvil0ao3oaw3
blkmn1cn2usj2kem,blkmn1cn2usj2kem
1t6pvku38xds4zsp,1t6pvku38xds4zsp
trswcyjg1deqdvnk,trswcyjg1deqdvnk
gn2sl7u8tfncyz3p,gn2sl7u8tfncyz3p
pvtohgo3tgitawgo,pvtohgo3tgitawgo
epqhyc1gitmw921p,epqhyc1gitmw921p
xpthmw3gv6bbpckq,xpthmw3gv6bbpckq
p58m1u3fdgilmtzb,p58m1u3fdgilmtzb
lq0gwt1y7gidtc5k,lq0gwt1y7gidtc5k
cgasfpeqifxeniso,cgasfpeqifxeniso
bj08098fx32wqoca,bj08098fx32wqoca
m0an9jk1isqd5wo6,m0an9jk1isqd5wo6
hann2l9dykecgw3r,hann2l9dykecgw3r
giikisthxdvypvrd,giikisthxdvypvrd
prd7gg1t2v7byzxy,prd7gg1t2v7byzxy
jberku563xrmmssb,jberku563xrmmssb
mrzx2vdcj9bpaesy,mrzx2vdcj9bpaesy
s9v5uzguvzicji7i,s9v5uzguvzicji7i
dtvbs9xfdl3ieozc,dtvbs9xfdl3ieozc
vg0kf77vc2bicojp,vg0kf77vc2bicojp
giirpsnthfzmuoje,giirpsnthfzmuoje
dryhhvfgarn9awtq,dryhhvfgarn9awtq
cl6ff9vgkscutoui,cl6ff9vgkscutoui
jklwymfhypxjojjq,jklwymfhypxjojjq
pkd2guctqiulbqpd,pkd2guctqiulbqpd
qiebgp05kn7moe3s,qiebgp05kn7moe3s
pujb3vaqezloq2ad,pujb3vaqezloq2ad
h68mwbj9wqbkrji5,h68mwbj9wqbkrji5
x0evxcxjwbcc8pte,x0evxcxjwbcc8pte
uevipjqmlgtusaht,uevipjqmlgtusaht
zkyaubsy1y2v1tno,zkyaubsy1y2v1tno
vwihakriu3zkl0wp,vwihakriu3zkl0wp
ssbkvfwtwj9b0mxw,ssbkvfwtwj9b0mxw
valdv2rhufnzdmlx,valdv2rhufnzdmlx
phtwqyi9rios6yrn,phtwqyi9rios6yrn
80u2hkhhl0uhethg,80u2hkhhl0uhethg
qq8gqmplh4my3njj,qq8gqmplh4my3njj
zeszcmcfgffagm5d,zeszcmcfgffagm5d
cf5wb0xwoc0hm4pc,cf5wb0xwoc0hm4pc
7xvcprrvsndqmq2t,7xvcprrvsndqmq2t
jsfjjxaqehlibx5v,jsfjjxaqehlibx5v
k9bnuc0a9efivqgg,k9bnuc0a9efivqgg
reorxsqoriauvc4f,reorxsqoriauvc4f
aq2we3en9xc8yxzm,aq2we3en9xc8yxzm
kqndogqcqutovfwa,kqndogqcqutovfwa
xnp8zqmqvh6ytll0,xnp8zqmqvh6ytll0
emq7l1xhfj2vkwiy,emq7l1xhfj2vkwiy
gnzkm0hbvlsslxzn,gnzkm0hbvlsslxzn
2l5kpiybcj92viu9,2l5kpiybcj92viu9
cifdbdtzkgkmsazo,cifdbdtzkgkmsazo
3t0fctbxojum9kwr,3t0fctbxojum9kwr
dqlt1gklotbzjwdf,dqlt1gklotbzjwdf
9wglabjufzjszhrm,9wglabjufzjszhrm
vav93bv558glmn62,vav93bv558glmn62
lu1lcl1o7o6uyusg,lu1lcl1o7o6uyusg
bulplcag5gr1acoq,bulplcag5gr1acoq
uhtgxrilyefsilws,uhtgxrilyefsilws
wq0iuiwopdh1nk8i,wq0iuiwopdh1nk8i
dtxywylou4jgtd9m,dtxywylou4jgtd9m
tvowlsl0zfywuvzn,tvowlsl0zfywuvzn
ohzuuuc5xwtc7nta,ohzuuuc5xwtc7nta
igixcij6kbggygnx,igixcij6kbggygnx
zr45oprbgjqgh7im,zr45oprbgjqgh7im
estkapqvgq8g5cq5,estkapqvgq8g5cq5
tqhanieothisaed8,tqhanieothisaed8
ktm4pij8f7ltppku,ktm4pij8f7ltppku
os41i7nc3cm4p0za,os41i7nc3cm4p0za
grsfc7lrh2e9schb,grsfc7lrh2e9schb
56wmmhceyekm2b7r,56wmmhceyekm2b7r
kxpoouuiazgaibcv,kxpoouuiazgaibcv
wdenpharn9c3psag,wdenpharn9c3psag
ayirdvxvnubhjzmm,ayirdvxvnubhjzmm
1mx5vbveioxwoa7x,1mx5vbveioxwoa7x
r1sxdxnwa3acop3y,r1sxdxnwa3acop3y
zuszkacogxf4zp8z,zuszkacogxf4zp8z
pn5k7gs5osix1hob,pn5k7gs5osix1hob
clgtj1qzl1gtj0xk,clgtj1qzl1gtj0xk
7zl4vt1kz5ajkug1,7zl4vt1kz5ajkug1
ydub6rx316hj5dal,ydub6rx316hj5dal
ylphiacsqkmeak21,ylphiacsqkmeak21
lfmc6af5iadmls9n,lfmc6af5iadmls9n
sucapiegdhcpjwdd,sucapiegdhcpjwdd
l1v20ecd26luijws,l1v20ecd26luijws
p0cptc2elcep13xa,p0cptc2elcep13xa
maoqsysu6u02mc4h,maoqsysu6u02mc4h
6b1ykcvkinhz32cv,6b1ykcvkinhz32cv
fidkfqjkcbkdnzjm,fidkfqjkcbkdnzjm
pqgxal6sqf0vm1mq,pqgxal6sqf0vm1mq
hrv7x0qkxlzv3ywr,hrv7x0qkxlzv3ywr
ldyb4edzgwxytetk,ldyb4edzgwxytetk
kfn24nke5m99vkna,kfn24nke5m99vkna
6a7kboh1pu2cxxnx,6a7kboh1pu2cxxnx
dfchzheijy5cdhjw,dfchzheijy5cdhjw
75icewcrmutfyhyw,75icewcrmutfyhyw
znqthtrbxos6ukl3,znqthtrbxos6ukl3
tkyv5i92xxqmukb5,tkyv5i92xxqmukb5
vu3hm8hltzw7cz4n,vu3hm8hltzw7cz4n
bikpg6tmnx2iglel,bikpg6tmnx2iglel
yamrs1ypuxohzcdo,yamrs1ypuxohzcdo
hcflxedz0yfxaqur,hcflxedz0yfxaqur
pmmcs7uy9ea1jyfj,pmmcs7uy9ea1jyfj
najtzyz8kpwyhn6w,najtzyz8kpwyhn6w
k678y1r6shpycvwv,k678y1r6shpycvwv
amhzbcm3rjufzq3i,amhzbcm3rjufzq3i
0xuus006ltgvl4cl,0xuus006ltgvl4cl
u9hx7x0upo95gmzc,u9hx7x0upo95gmzc
xwtojobyww91mlie,xwtojobyww91mlie
vjj3tuccmxltp7tx,vjj3tuccmxltp7tx
rntijwrsv2xvncpg,rntijwrsv2xvncpg
20rvjmdnkf4ixsej,20rvjmdnkf4ixsej
xnp5o6gayg2kd47g,xnp5o6gayg2kd47g
j4o8ttxp5u1pkwia,j4o8ttxp5u1pkwia
1ctdoxvgt0lxwmv6,1ctdoxvgt0lxwmv6
omiqqx1wcvcmgplq,omiqqx1wcvcmgplq
tn2tantreaom92il,tn2tantreaom92il
wwc1swjmqja1nn3s,wwc1swjmqja1nn3s
m1gdmmmmncmnn7l4,m1gdmmmmncmnn7l4
j7jayyij2ftl2jat,j7jayyij2ftl2jat
wrmuxkzkdxmxlxlq,wrmuxkzkdxmxlxlq
zs41pfxyj66vtmh8,zs41pfxyj66vtmh8
o2zsybi6h3cd87oc,o2zsybi6h3cd87oc
szd20sszbz9fkyiq,szd20sszbz9fkyiq
m5ur6djgm3hdxryb,m5ur6djgm3hdxryb
9ouqg9a42mr4ppt4,9ouqg9a42mr4ppt4
agl9pywuxew7byev,agl9pywuxew7byev
ygoehd2j88wozjc7,ygoehd2j88wozjc7
t0acilzm4l0jjorw,t0acilzm4l0jjorw
3nsdqaikrcdjvxbt,3nsdqaikrcdjvxbt
qcqltipc7wcxmzuo,qcqltipc7wcxmzuo
ag6ftpvw2ayo2uyv,ag6ftpvw2ayo2uyv
ab512074yi0uglxc,ab512074yi0uglxc
dgaaylhxlnmc3cxi,dgaaylhxlnmc3cxi
e0mgshmeukoseqtc,e0mgshmeukoseqtc
8pbta7kepus1i6ho,8pbta7kepus1i6ho
qfnmszvmrpfwzizo,qfnmszvmrpfwzizo
s4x0lvqyo1noop4k,s4x0lvqyo1noop4k
7camilclhzlj91dr,7camilclhzlj91dr
5ly3lsfojdlxdoqs,5ly3lsfojdlxdoqs
pmtljzkio9uz1adk,pmtljzkio9uz1adk
hxvlabonitlfxkqj,hxvlabonitlfxkqj
daemhbpthyvec51a,daemhbpthyvec51a
50r6eyvlif7qqe0i,50r6eyvlif7qqe0i
vgfmpqxqktmomrw1,vgfmpqxqktmomrw1
i55dgpjbnicehqpd,i55dgpjbnicehqpd
jauhhz1a43h7rcjl,jauhhz1a43h7rcjl
zol2nmjumjavtvau,zol2nmjumjavtvau
w267clzzakabb5z7,w267clzzakabb5z7
dnsmyv8oifwspv2t,dnsmyv8oifwspv2t
wfkk5ayhpossb2eo,wfkk5ayhpossb2eo
llxq1seopwkb1fno,llxq1seopwkb1fno
scn8iqlztnqnc9ec,scn8iqlztnqnc9ec
oldsexlonnkwyf6b,oldsexlonnkwyf6b
hdcsfz77pk7sttta,hdcsfz77pk7sttta
1taawxoyxa7yarjq,1taawxoyxa7yarjq
gytmipgkrvrxen7l,gytmipgkrvrxen7l
kiq9vge2getug96v,kiq9vge2getug96v
efwlqxifaukfxjwe,efwlqxifaukfxjwe
cze9hsewnww4nxvr,cze9hsewnww4nxvr
y75mhsb7fjlkfe0o,y75mhsb7fjlkfe0o
pqfd0b1qwztcaspn,pqfd0b1qwztcaspn
qzyc7osm3nv8epif,qzyc7osm3nv8epif
je6qcwccpk2en7oi,je6qcwccpk2en7oi
8uvavkb9zb1cw59p,8uvavkb9zb1cw59p
acmbbtjhf7ouzbln,acmbbtjhf7ouzbln
udkulyzdzpsaoaf8,udkulyzdzpsaoaf8
ossim70931v0z4aa,ossim70931v0z4aa
hox0k1cimszfs0fi,hox0k1cimszfs0fi
dyh6lojtx0nyjxwc,dyh6lojtx0nyjxwc
hsdzbsfsg0yjgmaf,hsdzbsfsg0yjgmaf
lumyh340dh3ghfyk,lumyh340dh3ghfyk
u1bite9oaugt5f7d,u1bite9oaugt5f7d
du6oxrhjbdhbqbvv,du6oxrhjbdhbqbvv
oegc9xjj5ibq1wmy,oegc9xjj5ibq1wmy
mgkv9yi4izuf9gop,mgkv9yi4izuf9gop
qlvxldv7wsswy2h0,qlvxldv7wsswy2h0
d2ui5k9skkxes7wj,d2ui5k9skkxes7wj
ar6cejtmooawszt3,ar6cejtmooawszt3
bdjldpqjb6ohefm0,bdjldpqjb6ohefm0
wdrg9libocsqp7lw,wdrg9libocsqp7lw
kugetnd2wmyiacmd,kugetnd2wmyiacmd
v6fbzpdce1awrebw,v6fbzpdce1awrebw
tttxyx3fcgblhyvo,tttxyx3fcgblhyvo
rjeijsqjudn78xlo,rjeijsqjudn78xlo
akso0tzjx13ywc83,akso0tzjx13ywc83
gzjuynzxjsp8id6p,gzjuynzxjsp8id6p
015b7awnfcvjwdjk,015b7awnfcvjwdjk
lggvb0nzfkkekkyt,lggvb0nzfkkekkyt
f89p0etlteqb989c,f89p0etlteqb989c
ti1yuixdrf0gkmrs,ti1yuixdrf0gkmrs
k1abfproynipgzsy,k1abfproynipgzsy
b0a3zb1af5fesm2b,b0a3zb1af5fesm2b
u1vzcblxv4wabp5k,u1vzcblxv4wabp5k
nvwo4hm1ieh0sskl,nvwo4hm1ieh0sskl
ujf8ntbn1iiu5yxt,ujf8ntbn1iiu5yxt
2fntoh0phfxpxkd9,2fntoh0phfxpxkd9
45892jfhyqb9l9kb,45892jfhyqb9l9kb
f5tvzkillnxtos0p,f5tvzkillnxtos0p
ci0ckg23stkbehmy,ci0ckg23stkbehmy
rtoy5cuakuko8hbj,rtoy5cuakuko8hbj
knfka6lw0u2immmc,knfka6lw0u2immmc
c1trbapyxy7d6tev,c1trbapyxy7d6tev
vrigvvf1cml2wbv2,vrigvvf1cml2wbv2
v3k7ujhqudhwndnt,v3k7ujhqudhwndnt
kr2sfldkvp9tsw99,kr2sfldkvp9tsw99
qrrhygnsmhxdevgt,qrrhygnsmhxdevgt
bwo3rqw1igih42gg,bwo3rqw1igih42gg
c82e7rgl6z6wzpmj,c82e7rgl6z6wzpmj
6kgl7qqbceoac2i9,6kgl7qqbceoac2i9
1tzgvggndd1kwi5k,1tzgvggndd1kwi5k
fezbyedrxj3hvljv,fezbyedrxj3hvljv
33kg8v3zlxrv2czg,33kg8v3zlxrv2czg
kmfpwmmsnunh1yag,kmfpwmmsnunh1yag
ybth2pen04yhxqeb,ybth2pen04yhxqeb
1inxsmyboaynp7ra,1inxsmyboaynp7ra
idlmcrbsfg6g7va0,idlmcrbsfg6g7va0
hbp4hlzbqjnezcb2,hbp4hlzbqjnezcb2
zhp876yu1kzkkook,zhp876yu1kzkkook
enok23hakxeivzcx,enok23hakxeivzcx
qup0e0nfv2x9toks,qup0e0nfv2x9toks
mexixjqqe8i7iwnt,mexixjqqe8i7iwnt
zultlh8pq8gztfap,zultlh8pq8gztfap
csvjepoi8n6ux4gk,csvjepoi8n6ux4gk
e1kdwjnroh0hesem,e1kdwjnroh0hesem
mqmsigcaqt1qlx79,mqmsigcaqt1qlx79
gkgllr9hndphf1rt,gkgllr9hndphf1rt
kenmfostgadx7cat,kenmfostgadx7cat
qub2gplywtou7h7r,qub2gplywtou7h7r
cwzy5webczjqknd6,cwzy5webczjqknd6
fd6uomplustbqn11,fd6uomplustbqn11
hrl72vbfie2xeqth,hrl72vbfie2xeqth
a6otdgjpyxigudsb,a6otdgjpyxigudsb
drhzwkvuauibcqb1,drhzwkvuauibcqb1
iestfg4nv1jhlfvj,iestfg4nv1jhlfvj
6sylii9rrhhlkbn3,6sylii9rrhhlkbn3
dfi8rq3rsooj70xo,dfi8rq3rsooj70xo
pafwunjpxuj9hw2c,pafwunjpxuj9hw2c
dyy1ia9nte1btn8a,dyy1ia9nte1btn8a
0xqfmnrluyll8dhf,0xqfmnrluyll8dhf
sulxpl1lloh7lpbu,sulxpl1lloh7lpbu
mdwotfepecjssoby,mdwotfepecjssoby
p3x08d2eaongbffc,p3x08d2eaongbffc
xwugyxzdmnkcdfjo,xwugyxzdmnkcdfjo
1qqmmh5zawylcisw,1qqmmh5zawylcisw
8vx2mvdnltswnfah,8vx2mvdnltswnfah
wwwov6y8t62ts2ta,wwwov6y8t62ts2ta
c1dfe6z8t0oz9cp7,c1dfe6z8t0oz9cp7
mfcpwqrew73wxsg8,mfcpwqrew73wxsg8
0zztsp3b73t7mhkv,0zztsp3b73t7mhkv
xje73kfu0d17zvzb,xje73kfu0d17zvzb
hl9qoa5h1vxz21wo,hl9qoa5h1vxz21wo
r08nuvqkdwbx3q8y,r08nuvqkdwbx3q8y
0xiq5wmmgmnetg1f,0xiq5wmmgmnetg1f
whltiddffwxtgnk9,whltiddffwxtgnk9
rvo7tbx69opgb62y,rvo7tbx69opgb62y
nu4930hd7kfvcclk,nu4930hd7kfvcclk
5owvrvp7oajbn3ef,5owvrvp7oajbn3ef
2qgeyepp7jlhvix9,2qgeyepp7jlhvix9
e9h067zgosye2fns,e9h067zgosye2fns
vrlqiw6iycml7ny1,vrlqiw6iycml7ny1
n6hutpjuxxv0sfby,n6hutpjuxxv0sfby
xx5xj2d8igibpm94,xx5xj2d8igibpm94
kytuzb8tiqhfcxlu,kytuzb8tiqhfcxlu
ootsgbm5j2jy5i1h,ootsgbm5j2jy5i1h
w6ocfai18mp7ski9,w6ocfai18mp7ski9
xpgbpnz7bklklpvh,xpgbpnz7bklklpvh
rn7xotvay7ldnmdo,rn7xotvay7ldnmdo
jxdhn8rqcsy8ooqo,jxdhn8rqcsy8ooqo
jsjqasrcwin7cfb2,jsjqasrcwin7cfb2
rk5wxpruozm1maws,rk5wxpruozm1maws
xahgi1b2iqdd7toy,xahgi1b2iqdd7toy
evdmfb0e3ccb5nv0,evdmfb0e3ccb5nv0
gosbnjwgu0gnh0ts,gosbnjwgu0gnh0ts
a96spotgamzmqvrc,a96spotgamzmqvrc
vhnhrvz7wg9stfde,vhnhrvz7wg9stfde
hyovseqvandzogoo,hyovseqvandzogoo
ixmm9tkbxht7mxu1,ixmm9tkbxht7mxu1
q8ujjfsbc6xwjypv,q8ujjfsbc6xwjypv
ekvmgtselfmk5owd,ekvmgtselfmk5owd
naptnammwzrcrw5c,naptnammwzrcrw5c
g9gpr3cbk1le57el,g9gpr3cbk1le57el
k1ezl5j2bqx0z2vo,k1ezl5j2bqx0z2vo
3bb26dkohdn6jvdi,3bb26dkohdn6jvdi
sg6tn82vhgbbatio,sg6tn82vhgbbatio
y2qfzumofq6iz9r5,y2qfzumofq6iz9r5
mp7482dwfexrn0z7,mp7482dwfexrn0z7
ihldwlaep6g8aywz,ihldwlaep6g8aywz
pmkmogrxgmfdqwu8,pmkmogrxgmfdqwu8
eihzmb1ndes5siq9,eihzmb1ndes5siq9
3d1gfvyyi1cfqeac,3d1gfvyyi1cfqeac
ciawkhakcy61rlm5,ciawkhakcy61rlm5
jcyelws8kafhbyqn,jcyelws8kafhbyqn
wr1wnujqhfd2g2n7,wr1wnujqhfd2g2n7
tw5wvmdliq6hrajj,tw5wvmdliq6hrajj
qsrvocdd99ihj9yw,qsrvocdd99ihj9yw
9ysqqdkcvwtgbmlh,9ysqqdkcvwtgbmlh
pyc8b6ahevhnwbrn,pyc8b6ahevhnwbrn
8y6zcgopiawn6yjs,8y6zcgopiawn6yjs
fqnwhiezcuhc0oix,fqnwhiezcuhc0oix
h4y2pyswsv8ytujd,h4y2pyswsv8ytujd
gzsqsmcz9avbphnw,gzsqsmcz9avbphnw
fe4jaa5ff7w6avzf,fe4jaa5ff7w6avzf
3toirsn4kzwrsvok,3toirsn4kzwrsvok
eoibzqryrhvd9yjt,eoibzqryrhvd9yjt
xcrm30deluygqbao,xcrm30deluygqbao
i71wleswux6vpmcd,i71wleswux6vpmcd
jhnlc6vutqyacw53,jhnlc6vutqyacw53
un6bdxduy7tf4kt0,un6bdxduy7tf4kt0
6n6w47kuqbddwgqg,6n6w47kuqbddwgqg
goadvqqxblbdhsmm,goadvqqxblbdhsmm
s0si0vt68ogzbta4,s0si0vt68ogzbta4
vumwc7du6dic112g,vumwc7du6dic112g
aerz8dv2yzvxcm2v,aerz8dv2yzvxcm2v
s6cnj7cl4hrgjjni,s6cnj7cl4hrgjjni
r7y8zfmam3gzyaop,r7y8zfmam3gzyaop
hc9e1qzjadixxmqm,hc9e1qzjadixxmqm
prmoc13azrrm567p,prmoc13azrrm567p
jhxqbv7dvk3qidcw,jhxqbv7dvk3qidcw
6qsu6uwjnkmnsdio,6qsu6uwjnkmnsdio
wwscdiyxyvfrjdks,wwscdiyxyvfrjdks
lxhwlueg69niwlmf,lxhwlueg69niwlmf
l0op9wsb6yrnwpmy,l0op9wsb6yrnwpmy
3x3t8vvusgq0zwaf,3x3t8vvusgq0zwaf
roqw935efz1qiyrk,roqw935efz1qiyrk
4m7hkhauvygfa0qd,4m7hkhauvygfa0qd
je1ytnv7ox8qshay,je1ytnv7ox8qshay
gjquci4kfmc28fgi,gjquci4kfmc28fgi
ijpvypp2q9ylctjl,ijpvypp2q9ylctjl
1uwzfixlss6i4aj5,1uwzfixlss6i4aj5
pwzxmwspbyuestwb,pwzxmwspbyuestwb
i8lod6vmyrwhxkwp,i8lod6vmyrwhxkwp
au9jxhmpz9h0gvqn,au9jxhmpz9h0gvqn
fxyx3lhjjaech71o,fxyx3lhjjaech71o
cx5ambphxfhmbxle,cx5ambphxfhmbxle
2whqczfimoqobjcz,2whqczfimoqobjcz
fpwjfi9zvv4invwp,fpwjfi9zvv4invwp
kbu7yqapcqrhkx3g,kbu7yqapcqrhkx3g
xkwxcjvnu50arh65,xkwxcjvnu50arh65
9yriyxqwctq3ilxp,9yriyxqwctq3ilxp
hz1avm6jqr8jkveq,hz1avm6jqr8jkveq
hvppeoxkakics5tn,hvppeoxkakics5tn
e3iac8zwmvhdumfz,e3iac8zwmvhdumfz
7wlff2lsao09dr5l,7wlff2lsao09dr5l
8ll9uhwllidhc1u3,8ll9uhwllidhc1u3
gyltn7su1tow43bv,gyltn7su1tow43bv
1rpclgdbs44zbt7c,1rpclgdbs44zbt7c
mljemy2i404fdfhl,mljemy2i404fdfhl
iia01x3p7juoss25,iia01x3p7juoss25
vlqdpbvhdicidfp3,vlqdpbvhdicidfp3
oq6wpgxa55vtdlnm,oq6wpgxa55vtdlnm
jrcflfpoyzjxpoya,jrcflfpoyzjxpoya
hytkuygkkcdnfdnj,hytkuygkkcdnfdnj
2khamxamhpqvoxyk,2khamxamhpqvoxyk
tenw4kvmofk0ndvc,tenw4kvmofk0ndvc
s6zqyyhjhzsmg4o1,s6zqyyhjhzsmg4o1
eus6juv2brr0wnmu,eus6juv2brr0wnmu
xybhpth4hcny1f0u,xybhpth4hcny1f0u
y4xwgqs0rxbibknh,y4xwgqs0rxbibknh
g6kc2mk5qupburgo,g6kc2mk5qupburgo
l5qjan4bigcijkio,l5qjan4bigcijkio
gjchxsoc1e3fpson,gjchxsoc1e3fpson
xrdl4atdy0gu1mlv,xrdl4atdy0gu1mlv
suekbsfm71up3ubw,suekbsfm71up3ubw
q34u9lwlcpeokv0q,q34u9lwlcpeokv0q
qajxslz9vgx3qyma,qajxslz9vgx3qyma
zqgzm7l1zvukekxu,zqgzm7l1zvukekxu
zwshccjq46pt0fke,zwshccjq46pt0fke
cyssf7rnovowv0rq,cyssf7rnovowv0rq
tfzxcrtpqlgxn6aw,tfzxcrtpqlgxn6aw
jgyw5qjedkyc3xvj,jgyw5qjedkyc3xvj
f2lqwnhhcff2fxi3,f2lqwnhhcff2fxi3
lxdo4wa5jrkwqawk,lxdo4wa5jrkwqawk
endqlxayxpfdyxof,endqlxayxpfdyxof
xuuufqyctwjsnqg1,xuuufqyctwjsnqg1
tl76isxigowehkjy,tl76isxigowehkjy
chn83uzafue4igzw,chn83uzafue4igzw
lfymhppegiupeds6,lfymhppegiupeds6
lggp3rtflzb8xvud,lggp3rtflzb8xvud
6ij7o2kx6sm8tffw,6ij7o2kx6sm8tffw
gtct1nbdigpebnud,gtct1nbdigpebnud
ntzch2ujl7hqocr8,ntzch2ujl7hqocr8
omfm25jofsfza7px,omfm25jofsfza7px
ihlyg3emj9wchkfw,ihlyg3emj9wchkfw
hzqervob2j1hktfh,hzqervob2j1hktfh
jt91ujmaig5frrsd,jt91ujmaig5frrsd
umnf9jwzfkxugliw,umnf9jwzfkxugliw
p1mg37yjey7qn972,p1mg37yjey7qn972
b1wifpnnlqfmjqvy,b1wifpnnlqfmjqvy
ng4g31cxewdxy1qy,ng4g31cxewdxy1qy
uxrampcdlr8hosrg,uxrampcdlr8hosrg
shzgrnhbag3d3p2x,shzgrnhbag3d3p2x
7lrbqcp7pgcgztpf,7lrbqcp7pgcgztpf
82qq4sdpkik5pbrh,82qq4sdpkik5pbrh
somiqggxo3qjrhrb,somiqggxo3qjrhrb
shjfy1x2kssefw1e,shjfy1x2kssefw1e
taajwb4rz1przykp,taajwb4rz1przykp
hoepnirm2jvbvc0t,hoepnirm2jvbvc0t
hbnzsd98stii0dp4,hbnzsd98stii0dp4
pjgzotdlakirxaho,pjgzotdlakirxaho
xsmbpkavu0vygg0p,xsmbpkavu0vygg0p
14ssm0tzp6rlva3v,14ssm0tzp6rlva3v
chcagdzd8gyhebnv,chcagdzd8gyhebnv
mirdw0ktirzu0mck,mirdw0ktirzu0mck
r6w8j5txameldinr,r6w8j5txameldinr
ke5qmwswfavbtz22,ke5qmwswfavbtz22
raavfrtympicwrj5,raavfrtympicwrj5
dk9u3be0kqrhslxp,dk9u3be0kqrhslxp
43ub1pxayh3lxoul,43ub1pxayh3lxoul
puiswndvxu4bba0d,puiswndvxu4bba0d
ryyulimpmd10zbxd,ryyulimpmd10zbxd
xu2xn1yfkw30tz8s,xu2xn1yfkw30tz8s
v12cusa4hqgdrnhz,v12cusa4hqgdrnhz
sggx53kbs8nanl1n,sggx53kbs8nanl1n
zig3nwp8tn6ygr2y,zig3nwp8tn6ygr2y
b21u087mylki7dwr,b21u087mylki7dwr
ur1hvszpzqg1xl8n,ur1hvszpzqg1xl8n
uwhdfmcslt17965g,uwhdfmcslt17965g
krbvxjsofya6iudo,krbvxjsofya6iudo
6wq0u5pjfhyqn9ba,6wq0u5pjfhyqn9ba
9e7ooplgyenxhzti,9e7ooplgyenxhzti
j5c6uij9b76o1tnj,j5c6uij9b76o1tnj
hz0qkhziignoqph6,hz0qkhziignoqph6
wxcfhbzhs9dceq8z,wxcfhbzhs9dceq8z
ati0ypueqiuatl20,ati0ypueqiuatl20
zlqxh24ipyxf7hl1,zlqxh24ipyxf7hl1
uhcdsinu7x2nirfc,uhcdsinu7x2nirfc
lhuk7hzfdygqkwwh,lhuk7hzfdygqkwwh
fldgwnqhpdsbjnso,fldgwnqhpdsbjnso
kerd3rbi2vdienhq,kerd3rbi2vdienhq
pk47r6xuagikhlvu,pk47r6xuagikhlvu
hu8ysj9shyvbr6n1,hu8ysj9shyvbr6n1
cdyumcfijmum5r8x,cdyumcfijmum5r8x
xa2unrnus9ydvcpz,xa2unrnus9ydvcpz
75niibso3iofej4l,75niibso3iofej4l
87ehqafqnmz8umt2,87ehqafqnmz8umt2
0t8yeyafhycz5ybs,0t8yeyafhycz5ybs
