#nome,indirizzo
sedea,indirizzoa
sedeb,indirizzob
lowe-lowe,8515 christiansen branch
homenick-homenick,39153 connelly place
mertz llc,1156 cruickshank dam
beier-beier,665 leonie mews
ebert-ebert,60870 terry mall
franecki-franecki,4158 jalon ridge
tillman-tillman,65041 ruben skyway
collins inc,12776 destin throughway
howe-howe,606 oscar gardens
abbott and sons,406 boyer creek
bogan-bogan,343 gutmann isle
kihn-kihn,7625 runolfsdottir springs
bailey and sons,8337 ada mountains
ruecker-ruecker,62981 schinner junction
bins and sons,465 alaina fork
hudson-hudson,04720 schamberger crossroad
kuvalis-kuvalis,7673 hilpert light
grady-grady,3430 terry river
mcdermott-mcdermott,5283 lily manors
paucek-paucek,490 pfeffer pike
feest-feest,05318 jakubowski lane
mayert group,914 frami curve
schmeler and sons,87739 lowell curve
hessel and sons,8370 ernser pines
kilback-kilback,076 margarette crescent
tromp-tromp,9521 sabrina view
hayes llc,313 maggio shore
daugherty inc,42629 blake extensions
blick llc,67289 gerhold shore
macejkovic-macejkovic,18204 ruecker station
hansen inc,872 lynch summit
greenholt-greenholt,210 colton shoal
brekke and sons,3123 torphy land
schowalter-schowalter,019 ruben brook
reinger and sons,841 elnora forks
fritsch inc,5745 catharine pines
fahey-fahey,7672 braun streets
schultz-schultz,96754 murphy view
mraz llc,700 bruen stravenue
graham-graham,4145 roob walk
lubowitz group,06789 armstrong terrace
cruickshank-cruickshank,1305 crona forge
hermiston group,256 magnolia green
cole-cole,024 mitchell cliffs
stanton-stanton,029 krista fields
block llc,7932 domenick pine
willms-willms,157 shad river
jones and sons,6067 wintheiser ranch
gusikowski-gusikowski,685 donnie knolls
ferry group,150 nakia plains
bode inc,33276 meta islands
lubowitz-lubowitz,46495 ruecker fork
walsh llc,5799 daugherty fort
rempel and sons,147 hettinger road
botsford group,39288 shayne crossing
